,Unnamed: 0,Channel_id,ChannelTitle,Channel_desc,Clicknums,fav_nums,image_url,video_numb
0,0,UC1zZE_kJ8rQHgLTVfobLi_g,The King of Random,"We make videos dedicated to exploring life through all kinds of life hacks, experiments, and random weekend projects.

There is excitement found in discovering the unknown, so join us and let‚Äôs build something great together. 

FTC Disclaimer: We earn a % of sales made through Amazon Affiliate links",2629113598,11900000,https://yt3.ggpht.com/a/AGF-l7903sDCe8kkmFFSKhznQOho6fTemCuw_f3zHg=s240-c-k-c0xffffffff-no-rj-mo,1016
1,0,UCpVm7bg6pXKo1Pr6k5kxG9A,National Geographic,"Inspiring people to care about the planet! National Geographic is the world's premium destination for science, exploration, and adventure. Through their world-class scientists, photographers, journalists, and filmmakers, Nat Geo gets you closer to the stories that matter and past the edge of what's possible.

WEEKLY YOUTUBE SCHEDULE:
Sunday: History & Culture
Monday: Nature
Tuesday: Environment
Wednesday: Exploration
Thursday: Science
Friday: Fun Facts
Saturday: Travel & Adventure",3332530561,12400000,https://yt3.ggpht.com/a/AGF-l78ClAIOg5dLvXHvZCSd5yozNIJGtdOTQirCMQ=s240-c-k-c0xffffffff-no-rj-mo,9265
2,0,UCX6b17PVsYBQ0ip5gyeme-Q,CrashCourse,"Tons of awesome courses in one awesome channel! Nicole Sweeney teaches you sociology, Carrie Anne Philbin teaches you computer science, Craig Benzine teaches film history, and Mike Rugnetta is teaching mythology! 

Check out the playlists for past courses in physics, philosophy, games, economics, U.S. government and politics, astronomy, anatomy & physiology, world history, biology, literature, ecology, chemistry, psychology, and U.S. history.

Help support Crash Course at Patreon.com/CrashCourse.",1142278486,9940000,https://yt3.ggpht.com/a/AGF-l785JsRUb9Bf3NT_Y2yIla9xx4Y3F2nxEwXU0g=s240-c-k-c0xffffffff-no-rj-mo,1171
3,0,UCsooa4yRKGN_zEE8iknghZA,TED-Ed,"TED-Ed‚Äôs commitment to creating lessons worth sharing is an extension of TED‚Äôs mission of spreading great ideas. Within TED-Ed‚Äôs growing library of TED-Ed animations, you will find carefully curated educational videos, many of which represent collaborations between talented educators and animators nominated through the TED-Ed website (ed.ted.com).

Want to suggest an idea for a TED-Ed animation or get involved with TED-Ed? Visit our website at: http://ed.ted.com/get_involved.

Also, consider donating to us on Patreon! By doing so, you directly support our mission and receive some pretty awesome rewards: https://www.patreon.com/teded

For more information on using TED for commercial purposes (e.g. employee learning, in a film, or in an online course), please submit a Media Request using this link: https://media-requests.ted.com/",1560029242,10000000,https://yt3.ggpht.com/a/AGF-l7_KYzscxJEPD222JCwLBSiMIDXi5wtsWc4Rww=s240-c-k-c0xffffffff-no-rj-mo,1588
6,0,UCZYTClx2T1of7BRZ86-8fow,SciShow,"SciShow explores the unexpected. Seven days a week, Hank Green, Michael Aranda, and Olivia Gordon delve into the scientific subjects that defy our expectations and make us even more curious! 

Schedule: 
Sundays - Learn about the amazing topics we can't quite make a stand-alone show about in SciShow List Show! 
Mondays - Tune in for a short Dose about our weird world. 
Tuesdays - Find answers to our most asked Quick Questions. 
Wednesdays - Hank or Michael dives deep into a long-form Infusion episode, or an unscripted talk show or quiz show with a guest!
Thursday - Another new dose about the wonders of the world.
Fridays - Learn the latest in science News.
Saturdays - Get your quick questions answered! 


Don't forget to check out our sister-channels SciShow Space, SciShow Psych, and SciShow Kids!",1096399147,5900000,https://yt3.ggpht.com/a/AGF-l7_BQ5R9A5Cmz0ULfLwKiQKy8KWA8g_JPEG-pg=s240-c-k-c0xffffffff-no-rj-mo,2101
7,0,UCHnyfMqiRRG1u-2MsSQLbXA,Veritasium,"An element of truth - videos about science, education, and anything else I find interesting.",691710352,6460000,https://yt3.ggpht.com/a/AGF-l7-_ZcdonX2zvx6WdAnHOEO5cgrVr2a2cpVLgA=s240-c-k-c0xffffffff-no-rj-mo,281
8,0,UCYenDLnIHsoqQ6smwKXQ7Hg,#Mind Warehouse,,2014804482,6740000,https://yt3.ggpht.com/a/AGF-l79kPSi9C_Aj9edeEsMUih7f880Qx1FHxx7jFg=s240-c-k-c0xffffffff-no-rj-mo,452
9,0,UC4a-Gbdw7vOaccHmFo40b9g,Khan Academy,"Khan Academy is a 501(c)(3) nonprofit organization with the mission of providing a free, world-class education for anyone, anywhere. Our interactive practice problems, articles, and videos help students succeed in math, biology, chemistry, physics, history, economics, finance, grammar, and many other topics. 

Khan Academy provides teachers with data on how their students are doing so they can identify gaps in learning and provide tailored instruction. We  also offer free personalized SAT and LSAT practice in partnership with the College Board and the Law School Admission Council. 

Our resources have been translated into dozens of languages, and 15 million people around the globe learn on Khan Academy each month.",1696231496,5150000,https://yt3.ggpht.com/a/AGF-l78vydNLUulcxl7-9cp7RyGaVw4AoEzieFN5=s240-c-k-c0xffffffff-no-rj-mo,7453
10,0,UCAuUUnT6oDeKwE6v1NGQxug,TED,"The TED Talks channel features the best talks and performances from the TED Conference, where the world's leading thinkers and doers give the talk of their lives in 18 minutes (or less). Look for talks on Technology, Entertainment and Design -- plus science, business, global issues, the arts and more. You're welcome to link to or embed these videos, forward them to others and share these ideas with people you know. For more information on using TED for commercial purposes (e.g. employee learning, in a film or online course), please submit a Media Request here: https://media-requests.ted.com. We also encourage you to join our online community at TED.com. Any other questions? Email contact@ted.com.",1598228955,15200000,https://yt3.ggpht.com/a/AGF-l7999BXZRpa6UpKd3C_9c2X_XB2q7VWGWJSRdw=s240-c-k-c0xffffffff-no-rj-mo,3137
11,0,UCJFp8uSYCjXOMnkUyb3CQ3Q,Tasty,"Tasty
The official YouTube channel of all things Tasty, the world's largest food network. From recipes, world-class talent, and top-of-the-line cookware, we help connect food lovers in every way they interact with food.

Connect with Tasty:
Shop the NEW Tasty Merch: https://bzfd.it/shoptastyyoutube
Subscribe to Tasty Newsletters: https://bzfd.it/2SC4h0S
Like us on Facebook: http://www.facebook.com/buzzfeedtasty
Follow us on Instagram: https://www.instagram.com/buzzfeedtasty/
Follow us on Twitter: https://www.twitter.com/tasty
Check out our website: https://www.tasty.co/
Shop the Tasty Kitchenware line: https://t.co/0dPSuobra7",3454452029,16300000,https://yt3.ggpht.com/a/AGF-l79wniZfBdNgKPqOAmbEOGvIcEZmxBCOYfsDcw=s240-c-k-c0xffffffff-no-rj-mo,3390
12,0,UCYjk_zY-iYR8YNfJmuzd70A,Epic Meal Time,We make your dreams come true... and then we eat them.,1038175109,7130000,https://yt3.ggpht.com/a/AGF-l790VfDVtazrQFrvu4jlmYTkde247h6UYvUJXg=s240-c-k-c0xffffffff-no-rj-mo,840
13,0,UCpSgg_ECBj25s9moCDfSTsA,Jamie Oliver,"We are all about beautiful recipes, expert tutorials, fresh talent, wonderful food and funny videos every week plus loads of your other favourite YouTubers dropping by to say hello. 
PLUS this channel is about you too. Tell us what you want to see, what's cool and how we can do better and we'll talk straight back. Get involved and subscribe for the latest!

 
Big Love

Jamie O. x

#FOODTUBE",571892643,4550000,https://yt3.ggpht.com/a/AGF-l7_LFpxMRUxlP9ax2yagEE1uOMC30T3UH40Fyg=s240-c-k-c0xffffffff-no-rj-mo,1456
14,0,UCsP7Bpw36J666Fct5M8u-ZA,How To Cook That,"Hi I'm Ann Reardon welcome to How To Cook That
Have fun with me making creative dessert, cake and chocolate 
New video every second Friday. 
Subscribe: http://bit.ly/SUBSCRIBE2_how_to_cook_that
Support: https://patreon.com/h2ct
‚ù§Ô∏è  Merch: https://www.howtocookthat.net/public_html/shop/
MY PLAYLISTS
CAKE: http://bit.ly/amazing_cake
CHOCOLATE: http://bit.ly/chocolate_chocolate_and_more_chocolate
DESSERT RECIPES: http://bit.ly/how_to_cook_that_dessert_recipes
BAKING MACARONS AND SWEET SNACKS: http://bit.ly/macarons_sweet_snacks

Instagram: https://www.instagram.com/howtocookthat/
Facebook: https://www.facebook.com/howtocookthat

Business enquiries only: business [at] howtocookthat.net",621218912,3810000,https://yt3.ggpht.com/a/AGF-l78uP_6dAjgl1jEHIelXU0CVyqng8xBwaOkVqw=s240-c-k-c0xffffffff-no-rj-mo,420
15,0,UCJHA_jMfCvEnv-3kRjTCQXw,Binging with Babish,"Binging with Babish is the realization of a young(ish) man's dream to combine his love of film and cooking, and to have some fun in the process.  Join us each week as we recreate the foods you've always wanted to try in movies and television - and if you're not careful, you just might learn a thing or two.

Please support Binging with Babish!  Check out my Patreon at http://www.patreon.com/bingingwithbabish - you can get access to bonus videos, special content, and even a custom episode if you give me enough sweet sweet money!

Also check us out on:

http://www.twitter.com/bingingwbabish
http://www.facebook.com/bingingwithbabish
http://www.youtube.com/bgfilms
http://www.instagram.com/bingingwithbabish",897258176,5410000,https://yt3.ggpht.com/a/AGF-l7_91NBQQROv9vo9r7fENlOvR4BynM_CSo0Y=s240-c-k-c0xffffffff-no-rj-mo,252
16,0,UCPD_bxCRGpmmeQcbe2kpPaA,First We Feast,"HOT ONES
For every question that they field from host Sean Evans, guests must join him in eating a progressively spicy chicken wing.

THE BURGER SHOW
The Burger Show explores everything about modern burger culture through the eyes of Eggslut chef, Alvin Cailan.

FEAST MANSION
Joji and Rich Brian are celebrating the summer by partying in L.A. and are determined to feed their friends by any means necessary.

FOOD SKILLS
Discover untold stories from the culinary world‚Äôs most exciting personalities in First We Feast‚Äôs James Beard Award-winning Food Skills.

CURRY SHOP
Jasleen Powar examines how South Asia's most famous culinary export, curry, changes shape from culture to culture.

FOOD GRAILS
Food Grails, explores America‚Äôs underground food icons through the eyes of reporter Miss Info.",1156380672,7330000,https://yt3.ggpht.com/a/AGF-l7-azpopAkmRM_RUURMQbg-7Wu5dqLhSKaKc5Q=s240-c-k-c0xffffffff-no-rj-mo,487
17,0,UCNbngWUqL2eqRw12yAwcICg,Laura in the Kitchen,"Hi there, welcome to my channel! This is where I share my passion for cooking with the world. I started Laura in the Kitchen in 2010 as a way to help share the love of the kitchen with anyone willing to watch an learn.

I had no idea that so many of you would tune in and love to cook with me! I've shared over a thousand recipes here on YouTube, all of them are super yummy, and I hope you enjoy them as much as I do!

I'm not here to turn you into a perfect chef, just help you navigate the kitchen and make food everyone will love!",540490450,3500000,https://yt3.ggpht.com/a/AGF-l7_rbZAhl9v-7mBD3z1AKLk5C4_pfBskdpnvLg=s240-c-k-c0xffffffff-no-rj-mo,1453
18,0,UC8gFadPgK2r1ndqLI04Xvvw,Maangchi,"Hi! I'm Maangchi! My channel is all about cooking, eating, and enjoying Korean cuisine with your family and friends.

Cooking wholesome and delicious food and sharing it with loved ones is very important for me, so here you'll find the best of my best recipes. If you like food, and like sharing food with other people, we're going to be instant friends!

Thank you for your interest in my recipes & take care!",418474279,3830000,https://yt3.ggpht.com/a/AGF-l7_Yz9WZs9n6L_i_RZXWtKecpZ4AsiXHXA2ANQ=s240-c-k-c0xffffffff-no-rj-mo,380
20,0,UCbpMy0Fg74eXXkvxJrtEn3w,Bon App√©tit,"Bon App√©tit is a highly opinionated food brand that wants everyone to love cooking and eating as much as we do. We believe in seasonal produce, properly salted pasta water, and developing recipes that anyone can make at home.",792337070,4590000,https://yt3.ggpht.com/a/AGF-l7-3FM5KlQqalAojehYHh3sMg2xanfaj6-3kWA=s240-c-k-c0xffffffff-no-rj-mo,1000
21,0,UCfyehHM_eo4g5JUyWmms2LA,SORTEDfood,"Welcome to Sorted. A global movement of friends with an appetite for exploring the most incredible food experiences on the planet & cooking up utterly delectable dishes. Whether you‚Äôre a total beginner cook or a well seasoned foodie, there‚Äôs a place in this never ending conversation for you.

 Join us for a laugh every Sunday & Wednesday, 4pm over on YouTube. We‚Äôll be letting ridiculous ideas loose in our London studio or travelling near, far and wide to uncover hidden delights. Explore our website, sortedfood.com the home of our wonderful club. Unlock recipes, podcasts, cookbooks and supper clubs all created by thousands of people with a similar passion. How could you not get involved?!",503510136,2290000,https://yt3.ggpht.com/a/AGF-l7_6OeKfGBLkCuFecR41fR6qDNlL5c-PZruF3g=s240-c-k-c0xffffffff-no-rj-mo,1416
22,0,UCiP6wD_tYlYLYh3agzbByWQ,FitnessBlender,"Over 550 free full length workout videos + new workouts every Monday - Subscribe to never miss a new workout! Track your workouts and progress with our free customizable online workout calendar @ www.FitnessBlender.com 

Need help putting together a smart workout plan? We also offer incredibly effective home workout programs @ https://www.fitnessblender.com/plans

Everything you see on this YouTube Channel is created by two people, a husband and wife team; Daniel & Kelli. We believe that smart workouts and healthy whole foods can improve your health, quality of life, and body. Our priority is in sharing unbiased workout, nutrition, and health information. Thank you for working out with us!

Have a workout request? Questions? Talk to us. We want to hear from you & we listen.

We also have a brand new clothing line - Workout Complete! www.workoutcomplete.com We spent four years searching for the perfect fabric, fit, functionality, and feel.",985440860,5830000,https://yt3.ggpht.com/a/AGF-l78yY5mGkdXJsgeJt-awKVcTTUbhn8uVX0Kh-g=s240-c-k-c0xffffffff-no-rj-mo,873
23,0,UCIJwWYOfsCfz6PjxbONYXSg,blogilates,"Full length POP Pilates, PIIT28 and fun Bootcamp Sculpting workouts to Top 40 Hits with certified fitness instructor Cassey Ho.

Make sure you download the Official Blogilates App for FREE!

Send me letters and other goodies to: 

Cassey Ho
5482 Wilshire Blvd #299
Los Angeles, CA 90036

Fan mail: blogilates@blogilates.com",700619483,4730000,https://yt3.ggpht.com/a/AGF-l7_FNrxc55AgtdpnzsETO7Hh-nsUQu68msRErg=s240-c-k-c0xffffffff-no-rj-mo,682
24,0,UCM1Nde-9eorUhq-teaWlgUA,XHIT Daily,"Daily workouts with a healthy dose of energy! Come join us for a training session, a workout challenge, or tips on how to get the body you desire.",473972005,3240000,https://yt3.ggpht.com/a/AGF-l7_zlX2sRhPNBo_iDQddJB9tq9Ky7iKeS_1TUg=s240-c-k-c0xffffffff-no-rj-mo,643
25,0,UCBINFWq52ShSgUFEoynfSwg,POPSUGAR Fitness,"POPSUGAR Fitness offers fresh fitness tutorials, workouts, and exercises that will help you on your road to healthy living, weight loss, and stress relief.  Check out Class FitSugar, our do-it-along-with-us real-time workout show hosted by Anna Renderer who will inspire you to sweat alongside fitness experts and Hollywood‚Äôs hottest celebrity trainers. Class FitSugar regularly covers the most buzzed-about workout classes and trends, including the Victoria's Secret workout, Tabata, P90X, Bar Method, and more.",452734513,3320000,https://yt3.ggpht.com/a/AGF-l79yIGbH9hP_QsURNPs_stOYZCXAQYPrCWOnFQ=s240-c-k-c0xffffffff-no-rj-mo,1165
26,0,UCEtMRF1ywKMc4sf3EXYyDzw,ScottHermanFitness,"NEW VIDEOS EVERY TUESDAY & THURSDAY!

NO BRO-SCIENCE, NO DRAMA, NO CLICK BAIT, just kick-ass videos geared toward helping you learn how to maximize your workouts and GAINS!

Need a CUSTOM MEAL PLAN or program geared toward FAT LOSS, STRENGTH, or MUSCLE GAIN?  Then get the guidance you deserve by joining our online community at MuscularStrength.com and be sure to DOWNLOAD THE APP (MuscularStrength - Android & iPhone).",427346091,2290000,https://yt3.ggpht.com/a/AGF-l79T7hlOrnRqhi_W6cjNf5a9MlfvcUbJuBzfPQ=s240-c-k-c0xffffffff-no-rj-mo,1640
27,0,UCyqR7WkL8i1b6xtSssDmW9w,The Fitness Marshall,"Get early access to dances by clicking here: https://thefitnessmarshall.vhx.tv/

BOOTIES AT ATTENTION!
Get ready to sweat yourself sexy with The Fitness Marshall!! 

Original Dance Workouts created by Caleb Marshall.

Choose your songs, make a playlist and dance along with Caleb to your own customized workout!
TWO Warm-Up Videos
EIGHT Main Workout Videos
ONE Cool Down video!

Each video is labeled in the description with the section it belongs in

Official ""Sweat Set"" playlist updated regularly to give you a fresh order/song selection so your booty never gets bored!

PO Box 36708
Los Angeles, CA 90036",203836175,2120000,https://yt3.ggpht.com/a/AGF-l7_RkBdTBUFl4aKI_vpzGFX5qBAMzoFwTwbz=s240-c-k-c0xffffffff-no-rj-mo,140
28,0,UClzDIMsdz5O5hHNz4iRgGTw,Health And Fitness,"T-series presents Guru Mann's Health and Fitness Channel.

One stop place for all your health queries and fitness programs. Guru Mann a Certified fitness & Health Nutritionist from California gives you all of it here. Already live with 12 Major Programs namely:
1. 6 Week Shredded - Fat Loss Program
2. Muscle Size 5x5 - SIZE GAIN PROGRAM 
3. Ultimate Arms - Biceps & Triceps Work Out
4. Muscular 8 - Fat Loss Program
5. Pure Mass - Muscle Building program
6. GET RIPPED - Fitness Model Program
7. CONTROL DIABETES - (Medical Condition Program)
8. FIT-ZONE  - BODY WEIGHT WORKOUT"" 
9. SHREDDED NEXT LEVEL - Advance Fat Loss Program
10. LEAN MODE - Clean Gain
11. CHOLESTEROL DIET(Medical Condition Program)
12. MASS UP - Mass building 
13. Transformation 30 Body weight workout Program 
Other than this the channel has several fitness tips that help you achieve your fitness goals with minutest details.

So what are you waiting for??
Your dream body is just a click away!!",182252321,1710000,https://yt3.ggpht.com/a/AGF-l7_q6xBLOWhgMK8UUtUrP4ma3POhOWjl3d67Yg=s240-c-k-c0xffffffff-no-rj-mo,571
29,0,UCEQi1ZNJiw3YMRwni0OLsTQ,Whitney Simmons,"Hi, babes! I have a huge passion for fitness and living a healthy lifestyle.
I believe life should be about balance, so don't be fooled... I still enjoy the good stuff! üòã
Make sure to subscribe to my channel and follow me on social media to keep up to date on the goodness 24/7! üíú




Whitney Simmons is a participant in the Amazon Services LLC Associates Program, an affiliate advertising program designed to provide a means for sites to earn advertising fees by advertising and linking to amazon.com.

Whitney Simmons is a participant in the Reward Style influencer program, an affiliate advertising program designed to provide a means for sites to earn advertising fees by advertising and linking to rewardstyle.com. Any links in my description box that start with http://rstyle is an affiliate link and I do make a small commission from. 

Thank you for supporting myself and my channel and allowing me to continue making content for you-",161246395,1770000,https://yt3.ggpht.com/a/AGF-l7_JXso5J3XlM9uprEsESEIP9DaGzdXJ4a_cqQ=s240-c-k-c0xffffffff-no-rj-mo,341
30,0,UC4GJndVHEhdmqLFBHOCi97A,Jordan Yeoh Fitness,,130286705,1850000,https://yt3.ggpht.com/a/AGF-l7-8tq2QC0L8OJxFU2sYcvxR8hychW2lL_p77g=s240-c-k-c0xffffffff-no-rj-mo,138
31,0,UCPv34FDFgXDLZm4VeXiapdw,Dany Di Giacomo,Actress+ Journalist + TV & Radio Host +  Model+ Personal Image Consultant,6293497,85700,https://yt3.ggpht.com/a/AGF-l79vqBfcvB0kqspa7b5oG_eMnVoWCi0LI93NPg=s240-c-k-c0xffffffff-no-rj-mo,212
32,0,UCiH4auDlkM0tgn9ewT3B1Vw,Sascha Fitness,"Hola Chicos! bienvenidos a mi canal, un espacio lleno de informaci√≥n y motivaci√≥n! Mi objetivo es que aprendan much√≠simo, tengan todas las herramientas para tomar mejores decisiones y alcancen sus metas. El fitness es un estilo de vida que puede adaptarse a ti. Es un tema que me apasiona y se que puede cambiar sus vidas, los ayudar√° a ser una mejor versi√≥n de ustedes mismos, por dentro y por fuera. Yo no s√≥lo soy una Fitness Coach, tambi√©n soy mam√°, esposa, amiga, empresaria..vivo y promuevo el fitness de una forma equilibrada, divertida. Ac√° encontrar√°s respuestas a muchas de tus dudas! Suscr√≠bete para que no te pierdas ni un capitulo, te prometo que todos est√°n llenos de tips super √∫tiles! :)",88974572,1480000,https://yt3.ggpht.com/a/AGF-l79cOYL1IjOPRa2GK1kCJxxCJXYOZszWmhL32Q=s240-c-k-c0xffffffff-no-rj-mo,206
33,0,UCFKE7WVJfvaHW5q283SxchA,Yoga With Adriene,"WELCOME to Yoga With Adriene! Our mission is to reach as many people as possible with high-quality free yoga videos. 

We welcome all levels, all bodies, all genders, all souls! Browse our library of free yoga videos to find a practice that suits your mood or start a journey toward healing. 

If you're brand-new to yoga, check out our Yoga For Beginners and Foundations of Yoga series. These are designed to give you the tools to build a happy, healthy at home yoga practice. If you're ready to work up a sweat,  try our Yoga for Weight Loss or Total Body Yoga playlists. 

Calm and relieve a tired mind and body. Create space. Tone and trim. Cultivate self-love. Make time for you. Go deeper, have fun. Connect. Fall off the horse and then get back on. Reconnect. Do your best, be authentic and FIND WHAT FEELS GOOD.

I got your back and this community rocks. Jump on in! You don't even have to leave your house. 



Love, 
Adriene",455696231,5510000,https://yt3.ggpht.com/a/AGF-l78f-KZSKoju7UMZlH7ohygbGgLaEycXY1UEQw=s240-c-k-c0xffffffff-no-rj-mo,506
34,0,UCGb34D3ThpmjLNn-FLv2_yQ,PsycheTruth,"We are Psychetruth.
We help people take control of their health and happiness by posting informational videos on everything from nutrition & massage to psychology & yoga.

We give doctors, yoga teachers, health coaches (and really anyone with a positive message) a forum to share information with the world.  By supporting us, you will help us reach more people with our positive message of health, fitness & motivation!

My Email Address is;
Psychetruth@gmail.com

Other Links:
Support Us On Patreon
www.patreon.com/psychetruth

Watch Us On Amazon Prime
https://www.amazon.com/s?k=psychetruth&ref=nb_sb_noss_2

Download Our App
Apple: https://apple.co/2MhqR8n
Android: https://bit.ly/2MidhBO

Watch Premium Content (Not On Youtube)
www.psychetruth.vhx.tv

Social Media:
www.facebook.com/psychetruthvideos/
www.instagram.com/psychetruth
www.instagram.com/yogaplusbypsychetruth/
www.twitter.com/psychetruth
www.twitch.tv/wellnessplus",795435637,3040000,https://yt3.ggpht.com/a/AGF-l7-yy7656-xkiyehgBJgCjHuh_A6mQPY6o2Rkg=s240-c-k-c0xffffffff-no-rj-mo,2629
35,0,UCWN2FPlvg9r-LnUyepH9IaQ,Boho Beautiful,"Boho Beautiful- Yoga, Travel, & Soul Optimization
Your decisions today will define your tomorrow. 

Our journeys have somehow intertwined right here...    
just for this fleeting moment.  
Through these pixels, through our finger tips.  
We are still fire. We are love. 
We are not only living, we are trying to explore what it means to be alive. 

We create content that we hope will inspire others. 
To change and motivate people‚Äôs perceptions of possibility.  
The possibility of themselves, their life, and the world around them. 


Love & Light...
           Juliana & Mark*

***

REACH OUT: 
All Business Inquiries:   Info@BohoBeautiful.life
The Two Of Us:               TeamBoho@BohoBeautiful.life
Want to join the team:   Hiring@BohoBeautiful.life

CHECK OUT OUR EXCLUSIVE FULL LENGTH VIDEO LIBRARY:   
www.patreon.com/bohobeautiful

YOU CAN SEND THINGS HERE:
Juliana & Mark
PO Box 2314
Sidney BC
V8L 3W6
Canada",142144204,1160000,https://yt3.ggpht.com/a/AGF-l7_13BbJiztlkNjmH7rwaT53Q6r7Vx2eab3igA=s240-c-k-c0xffffffff-no-rj-mo,234
36,0,UCH-81uaxCwAAaSgxRtxMkxg,KinoYoga,"Join a worldwide community of yogis right here!!!!

Kino Yoga YouTube channel is place where you will find all the tools for your yoga practice. Full length beginner friendly practice sessions, tutorials on almost every posture that work like a yoga pose encyclopedia, yoga lifestyle and philosophy discussions and Kino's handstand and yoga demo videos for inspiration from all over the world. 

Practice with me on Omstars!!! Join my online channel to get access to all my classes:  http://www.omstars.com

Follow @KinoYoga on Instagram for inspiration!

Kino MacGregor is a yoga teacher, author of four books, co-founder of Miami Life Center and Omstars, star of six yoga DVDs. Practicing yoga for 20 years and Ashtanga Yoga 17 years, she is one of a limited few students to begin the challenging Fifth Series of Ashtanga Yoga and receive the Certification to teach from its founder Sri K. Pattabhi Jois in Mysore, India.",154327557,595000,https://yt3.ggpht.com/a/AGF-l7_RGT3H6u0O7GdAYDps_2JmDPSJaQJGs05yTA=s240-c-k-c0xffffffff-no-rj-mo,1569
37,0,UCcox27Gc-NGbb2-X9hdLaMw,Fightmaster Yoga,"Welcome to the Fightmaster Yoga channel! 

Yoga videos to make you feel better.

Life is hard. 

I know what it feels like to be overwhelmed, overweight and either depressed or stressed out. I've been there.

My name is Lesley Fightmaster. I am a yoga teacher trainer. I have taught thousands of classes. I've seen amazing transformations in people just like you.

New to yoga? Try my 30 day yoga for beginners and beginners yoga playlists.

For a yoga workout try my hatha yoga happiness program or yogafix90. Also find yoga for weight loss, total body yoga, vinyasa yoga, and Ashtanga classes. Each class is a full body yoga stretch.

You might also enjoy my detox yoga, energizing yoga, morning yoga or yin yoga for deep stretching.

If you practice even 10 minutes a day I guarantee you will feel better. 

Subscribe to this channel because yogi's around the world have changed their lives for the better and you can too. 

Go ahead, take a free yoga class now!",32872377,498000,https://yt3.ggpht.com/a/AGF-l7-ehvBaJ_wJnirXovuXic0I73Bx-u7ZVSnRXQ=s240-c-k-c0xffffffff-no-rj-mo,568
38,0,UC-0CzRZeML8zw4pFTVDq65Q,SarahBethYoga,"Hi yogi! üíô

Welcome to Sarah Beth Yoga, I'm Sarah Beth and here I teach free weekly yoga videos to help you stretch, strengthen, tone & de-stress including:

‚Ä¢5-30 minute yoga videos like: Beginner Yoga, Power yoga, Vinyasa yoga, Hatha yoga, Restorative yoga, Yin Yoga, Prenatal Yoga & Postnatal Yoga

‚Ä¢45-90 minute videos, 75+ exclusive yoga videos, daily yoga calendars & all video downloads can be found in the SarahBethYoga APP (link below) 

DON'T FORGET: 
üôèüèΩ  CLICK SUBSCRIBE for free weekly uploads!
‚ú®  GET THE SarahBethYoga APP! 

Your daily practice is your strongest practice and the fastest way to see results in your strength, flexibility, mind & body. 

See you on your mat! 
üíôüíôüíô
Sarah Beth",48474464,621000,https://yt3.ggpht.com/a/AGF-l7-WRlmUo-NlcW8INIkOCjQIiu-D55nFvvQHRg=s240-c-k-c0xffffffff-no-rj-mo,331
39,0,UCa5OCJkZgtbIkaB1sA86XVA,TaraStiles,"slow down. soften. breathe. feel. respond.

stay easy and enjoy!

xo
Tara",31453362,324000,https://yt3.ggpht.com/a/AGF-l78czTy7bOmhUtlYKVdXqZAJ253G584B0t596Q=s240-c-k-c0xffffffff-no-rj-mo,654
40,0,UCFYsO0t3zj0eJ_NcOlowTSA,EkhartYoga,"Short yoga classes from Esther Ekhart and other teachers on EkhartYoga

This YouTube yoga channel will give you a taste of what you can expect on our website EkhartYoga.com. Try out different styles of yoga including Hatha, Vinyasa, Ashtanga and Yin Yoga, and get to know some of our amazing teachers. If you enjoy these classes, try our free 2-week trial on Ekhartyoga.com. https://www.ekhartyoga.com/

EkhartYoga was born from Esther Ekhart‚Äôs dream to share the love of yoga, and today thousands of students around the world practise online yoga and meditation with us. With over 3,000 classes in different styles guided by over 40 world-class teachers, we are Europe‚Äôs biggest online studio. Creating positive change and transformation through yoga remains at the heart of everything we do.",59914009,316000,https://yt3.ggpht.com/a/AGF-l7_6zZqYiDcR7ips7ioZdr4H0l_a76pYrGIiiQ=s240-c-k-c0xffffffff-no-rj-mo,703
41,0,UCEdFmnwp53XmtODotf788-Q,DOYOUYOGA.com,"Join the DoYouYoga Community on YouTube!

New videos every week. All your favourite teachers!

Learn and enjoy yoga with certified yoga instructors from around the world. Love yoga? Get your daily dose at www.doyouyoga.com :-)",6214658,235000,https://yt3.ggpht.com/a/AGF-l79ix07u6RRPkAUkF0KbKB1h5nQolDGZqtMqyg=s240-c-k-c0xffffffff-no-rj-mo,176
42,0,UCI9s9nFu2m3K2CvhO2QVfTg,Yoga by Candace,"Candace is the best-selling author of Namaslay¬Æ, available at Barnes and Noble and on Amazon. She is an international yoga instructor and the writer behind the popular yoga lifestyle blog http://www.yogabycandace.com. These videos range from 15 minutes to 60 minutes, and cover a wide variety of themes. All video content published after June 13, 2014 is available for purchase for those of you who travel often or just want the content on your device when you don't have internet connection. Purchase at http://yogabycandace.com/online-yoga-classes/

Download our app: https://itunes.apple.com/us/app/yogabycandace/id1436839435?mt=8


Join an in-person class with Candace!!
Yoga Retreats and Yoga Teacher Trainings: https://www.yogabycandace.com/yoga-retreats-teacher-trainings/
Yoga Workshops: https://www.yogabycandace.com/yoga-workshops/",24929871,261000,https://yt3.ggpht.com/a/AGF-l79HtT_HbglgiKdloDy7HucOJHy499RXkcQjoA=s240-c-k-c0xffffffff-no-rj-mo,489
43,0,UCWlIGsKGsvgFJHkiZml4O1A,Grunge,"The world is pretty weird...in fact, it's a whole lot weirder than you think. If you haven't learned something new today, you're missing out. Grunge is the place to immerse yourself in fun facts and cool tidbits on history, entertainment, science, and plenty more. It's just like reading books...but exciting!",495487236,937000,https://yt3.ggpht.com/a/AGF-l79sX-xGGGpza9GgHh-KwgKvYNYsS0HEvsVKow=s240-c-k-c0xffffffff-no-rj-mo,905
44,0,UCkz_hI26b0XV7Fc-MoF4uNA,Peter David Documentaries,"The main purpose of this channel is to upload or identify all available History Channel documentaries narrated by actor David Ackroyd. 

I make no claims as to the subject, content or accuracy of the episodes on my Channel or Playlists. This is a non-profit, non-monetized Channel. I accrue no income whatsoever from it.

These are late 90's/early 2000's History Channel documentaries, take everything with a grain of salt and watch at your own risk.",19005789,86200,https://yt3.ggpht.com/a/AGF-l78NdctHq7QzbDnKK1rBn450GSHd_boPkFO_XA=s240-c-k-c0xffffffff-no-rj-mo,238
45,0,UClfEht64_NrzHf8Y0slKEjw,AlternateHistoryHub,"An entire channel dedicated to the 'What If?"".  Using knowledge of geography, population and other historical facts I predict what could have happened had things gone differently in history.

Learn about how the world would be different if, the Axis won World War II, if America lost the Revolution, or if Reagan was never president. I do pop culture videos which explored the worlds of Fallout and the Purge.  Learn controversial topics such as if Christianity never existed and many other subjects.

Follow me on Twitter! https://twitter.com/AltHistoryHub",215772778,1750000,https://yt3.ggpht.com/a/AGF-l7_TFSSopugbjbv628G2mB_uPjUoU0XNrGSW_g=s240-c-k-c0xffffffff-no-rj-mo,189
46,0,UC510QYlOlKNyhy_zdQxnGYw,Simple History,"Welcome to the Official Simple History Channel. Simple History visualizes the past, bringing history to life through animation. 

Witness how people lived throughout history: their culture, developments in technology, epic battles and events.

Explore what it was like to be in the trenches of the First World War, a plundering pirate in the Caribbean or a factory worker in the Industrial Revolution! 

Have a business proposition such as a sponsorship proposal? get in touch by email below!

Fan mail / art: simplehistorycommunity@gmail.com

Simple History started in September 2013 with its first book title 'Simple History: WWI'. 

Some titles include:
Simple History: World War I
Simple History: World War II
Simple History: The American Revolution
Simple History: The Vietnam War
Simple History: The Cold War
Simple History: The Russian Revolution
Simple History: the American Civil war
Copyright: DO NOT reupload our content on Youtube or other social media without expressed permission.",417970221,2310000,https://yt3.ggpht.com/a/AGF-l78MbmZlWHg2v9xvyR0TTjMxShf5NX7SAWgJDA=s240-c-k-c0xffffffff-no-rj-mo,309
48,0,UCggHoXaj8BQHIiPmOxezeWA,History Buffs,A show dedicated solely to reviewing historical movies. Ever wondered how much a film is based on a true story? This is the place to find out,83480417,978000,https://yt3.ggpht.com/a/AGF-l79qfxXLk923SqE_BGIFf7c8HWRMOz_W02foKg=s240-c-k-c0xffffffff-no-rj-mo,76
49,0,UC88lvyJe7aHZmcvzvubDFRg,Timeline - World History Documentaries,"Welcome to Timeline - the home of world history. Every week we'll be bringing you one-off documentaries and series from the world's top broadcasters, including the BBC, Channel 4, Discovery and PBS. We'll be exploring the mysteries of ancient Egypt, shedding light on the dark ages of medieval Europe and examining the First and Second World Wars. Subscribe so you don't miss out.

Content on our channel is licensed from:

Digital Rights Group
ITV Global Studios
All3Media International
TVF International
Java Films
Off The Fence",200811981,1290000,https://yt3.ggpht.com/a/AGF-l7-kNiCT-eNc_cp8-RJs1Rq27go4r2rx5JaVqA=s240-c-k-c0xffffffff-no-rj-mo,488
50,0,UCodbH5mUeF-m_BsNueRDjcw,Overly Sarcastic Productions,"Sarcastic, yet informative, summaries of classic and not-so-classic literature and mythology, as well as major historical events!

For information on sponsorships, art commissions, fanmail, topic suggestions, and more, please refer to our FAQ, where you can also find our EMAIL, for business enquiries. 
OverlySarcasticProductions.com/faq-contact

Want to hear more from us?
Check out at OverlySarcasticProductions.com, Twitter.com/OSPyoutube, and Patreon.com/OSP

Wanna buy our merch? Here are our shops!
T-SHIRTS: https://overlysarcasticproducts.threadless.com/designs
MUGS/CASES/ETC: http://www.cafepress.com/OverlySarcasticProducts",191262996,1030000,https://yt3.ggpht.com/a/AGF-l7_6x8hm3HbQ_rk1N3fTvUS49yLNtlBaYCEQpg=s240-c-k-c0xffffffff-no-rj-mo,292
51,0,UCv_vLHiWVBh_FR9vbeuiY-A,Historia Civilis,Rome Freak.,48660260,580000,https://yt3.ggpht.com/a/AGF-l7-aDkleGnzT0lFFI2j_jG1WFiyAO2_1HKGz8Q=s240-c-k-c0xffffffff-no-rj-mo,68
52,0,UCx-dJoP9hFCBloY9qodykvw,BazBattles,"Historical battles, tactics, politics and all things related served as smooth animated narration. Conflicts throughout history, from Ancient Rome to XX century.

Contact: battlebalthasar at gmail.com",48285495,544000,https://yt3.ggpht.com/a/AGF-l7-NTQMAaiNNlLw-bcGGFMQzpWiVCIh_TndLMA=s240-c-k-c0xffffffff-no-rj-mo,56
54,0,UCC552Sd-3nyi_tk2BudLUzA,AsapSCIENCE,"Making science make sense.

Created by:

Mitchell Moffit (@mitchellmoffit)
Gregory Brown (@whalewatchmeplz)

CONTACT
asapscience[at]gmail[dot]com

Send us stuff!
ASAPSCIENCE INC.
P.O. Box 93, Toronto P
Toronto, ON, M5S2S6",1285048709,8840000,https://yt3.ggpht.com/a/AGF-l7_Re55PuxNUgj4uf8tS8LHXuMij6Gl3yPzu=s240-c-k-c0xffffffff-no-rj-mo,320
55,0,UCsXVk37bltHxD1rDPwtNM8Q,Kurzgesagt ‚Äì In a Nutshell,"Videos explaining things with optimistic nihilism. 

We are a small team who want to make science look beautiful. Because it is beautiful. 

Currently we make one animation video per month. Follow us on Twitter, Facebook to get notified when a new one comes out.

FAQ:
 
- We do the videos with After Effects and Illustrator.",753338028,9930000,https://yt3.ggpht.com/a/AGF-l79_o6QngIpSSvxjU7AnZu86z3_7OzCy-wn2Bw=s240-c-k-c0xffffffff-no-rj-mo,107
56,0,UC6107grRI4m0o2-emgoDnAA,SmarterEveryDay,"I explore the world using science.  That's pretty much all there is to it.  Watch 2 videos. If you learn something AWESOME, please subscribe if you feel like I earned it.

Contact: http://www.smartereveryday.com/contact.  I currently get lots of correspondence so please forgive me if I'm unable to reply.  I mean well, but want to focus on being a better Dad.",655938175,7320000,https://yt3.ggpht.com/a/AGF-l79tD4qP9-464G80Opgra7dUtLGC1va2PKuE9A=s240-c-k-c0xffffffff-no-rj-mo,311
57,0,UCUHW94eEFW7hkUMVaZz4eDg,minutephysics,"Simply put: cool physics and other sweet science.

""If you can't explain it simply, you don't understand it well enough.""
~Rutherford via Einstein? (wikiquote)

Created by Henry Reich",419631987,4800000,https://yt3.ggpht.com/a/AGF-l7_90_OopgqRNxh6zi7bhcOT8SHeQLbJDR1ZFQ=s240-c-k-c0xffffffff-no-rj-mo,243
58,0,UC06E4Y_-ybJgBUMtXx8uNNw,TheBackyardScientist,"Aloha YouTubers, I am The Backyard Scientist!

I like to make videos on all the crazy stuff I do. From exploding arrows, to making instruments, molten aluminum to science/chemistry experiments - I do it so you don't have to! I'm always thinking of more stuff to do, if you have an idea, id love to hear it!

Almost everything I do can be considered dangerous!!  If you insist on trying my videos at home, just remember- if you play with fire, you're going to get burned. Electricity is deadly. Be safe guys :)

I love email from subscribers!

You are free to share / upload my videos on social media (FB,Instagram,Twitter,etc...) 
Only if:
- you do not run ads on the video or page it's played on (No websites or YT uploads) Reactions, using clips in YT videos is OK as long as it doesn't violate the spirit of FAIR USE.
- you credit my YouTube channel AND tag the corresponding social media site.
- you may not sell my videos or edits of videos under any circumstance. 

Anything else, email me.",543592863,4400000,https://yt3.ggpht.com/a/AGF-l7883MjbZQglnU8dsCvuPKuK971vU8YH3XTZIw=s240-c-k-c0xffffffff-no-rj-mo,150
59,0,UCmQXOAse-VnzuXHebX5I77g,charlieissocoollike,So there was this one time when I made a video about tea and now YouTube is my job or something.,298641720,2220000,https://yt3.ggpht.com/a/AGF-l78kGinjstlU7Y5pQWrZXUxLE3mgbgesHFzeFQ=s240-c-k-c0xffffffff-no-rj-mo,234
60,0,UCG1uayRlzz3ahT8ISRdyw7Q,Genetically Modified Skeptic,"I'm an atheist, but even more than that, I'm a skeptic. I have strict standards of evidence, and hold doubt as a virtue. To those skeptical toward religion: I urge you to apply similar rationality to the claims of alternative medicine and other pseudo-science. To religious individuals who are skeptical toward pseudo-science: I implore you to extend your skepticism into the realm of faith. Evaluate claims, demand evidence, scrutinize the absurd, and stay skeptical.",15944288,195000,https://yt3.ggpht.com/a/AGF-l7-oWtPbhix7k4o0SaFj5oBBMhRipi-vz2FE7A=s240-c-k-c0xffffffff-no-rj-mo,92
61,0,UCxo8ooAqXiObjuaIy10ud0A,Beyond Science,"Hi! Welcome to Beyond Science!
This is where I bring you stories of strange, mysterious phenomenons and anything else that is really cool and interesting.

My name is Mike Chen and there are a few things I love and those are Food, News, Chinese Culture and Mysterious Phenomenons.

Also please check out my other Channel(link on banner) ""Strictly Dumpling"" where I share my love of food!

Thanks Everyone!!!

~Send stuff at our PO Box!
Mike Chen 
PO Box 610 Middletown, NY 10940",338215947,2100000,https://yt3.ggpht.com/a/AGF-l7-e84cN7irYTYU0kUBHTbfYJEcUpfP7qZ9m2w=s240-c-k-c0xffffffff-no-rj-mo,470
62,0,UCvJiYiBUbw4tmpRSZT2r1Hw,Science Channel,"Learn about outer space, leading scientific exploration, new technology, earth science basics, & more with science videos & news from Science Channel.",634434945,2810000,https://yt3.ggpht.com/a/AGF-l7-FMr9MCymw9JC41IA8hIIhVATVzWCa1vTSQQ=s240-c-k-c0xffffffff-no-rj-mo,2003
63,0,UCJcycnanWtyOGcz34jUlYZA,IncredibleScience,"Experience incredible and cool science experiment videos, toys and and science projects. Really cool videos, with awesome music and always an awesome ending!",323057514,815000,https://yt3.ggpht.com/a/AGF-l78WjROFR5_T15wIYtcUeIvh1wRlSPF1pSDMfw=s240-c-k-c0xffffffff-no-rj-mo,613
64,0,UC9uD-W5zQHQuAVT2GdcLCvg,Science Insider,"Videos on what you need to know about everything science: space, medicine, and biotech, along with explainers, from the team at Business Insider.",192544796,1010000,https://yt3.ggpht.com/a/AGF-l7-5B4lgoWLi5vE3zG2lJuFyy5jsUONXt7YhHA=s240-c-k-c0xffffffff-no-rj-mo,373
